<?xml version="1.0" encoding="UTF-8" ?>
<!DOCTYPE mapper PUBLIC "-//mybatis.org//DTD Mapper 3.0//EN"
        "http://mybatis.org/dtd/mybatis-3-mapper.dtd">

<mapper namespace="com.steveDash.dao.ProviderMapper">

    <!--根据供应商名proCode来查询provider表，返回一个Probider类型对象记录-->
    <select id="getProviderByProCode" parameterType="String" resultType="Provider">
        select *from provider where proCode=#{proCode}
    </select>

    <!--查询供应商总数的统计-->
    <select id="getProviderCount" resultType="int">
        select  count(1) as count from provider
        <where>
            <if test="proName!=null and proName!=''">
                proName like CONCAT ('%',#{proName},'%')
            </if>
        </where>
    </select>

    <!--创建一个对供应商表分页的查询-->
    <select id="getProviderListByPage" resultType="Provider">
        select  * from provider
        <where>
            <if test="proName!=null and proName!=''">
                proName like CONCAT ('%',#{proName},'%')
            </if>
        </where>
        order by id limit #{currentPageNo},#{pageSize}
    </select>

    <!--新增供应商-->
    <insert id="addProvider" parameterType="Provider" keyProperty="id">
        insert into provider(proCode,proName,proContact,proPhone
        <if test="proDesc!=null and proDesc!=''">
            ,proDesc
        </if>
        <if test="proAddress!=null and proAddress!=''">
            ,proAddress
        </if>
        <if test="proFax!=null and proFax!=''">
            ,proFax
        </if>
        <if test="createdBy!=null and createdBy!=0">
            ,createdBy
        </if>
        <if test="creationDate!=null">
            ,creationDate
        </if>
        )
         values(#{proCode},#{proName},#{proContact},#{proPhone}
        <if test="proDesc!=null and proDesc!=''">
            ,#{proDesc}
        </if>
        <if test="proAddress!=null and proAddress!=''">
            ,#{proAddress}
        </if>
        <if test="proFax!=null and proFax!=''">
            ,#{proFax}
        </if>
        <if test="createdBy!=null and createdBy!=0">
            ,#{createdBy}
        </if>
        <if test="creationDate!=null">
            ,#{creationDate}
        </if>
    )
    </insert>

    <!--根据id查询供应商-->
    <select id="getProviderById" parameterType="String" resultType="Provider">
        select * from provider where id=#{id}
    </select>

    <!--根据条件进行更新provider-->
    <update id="modifyProvider" parameterType="Provider" >
        update provider
        <set>
            <if test="proCode != null">proCode=#{proCode},</if>
            <if test="proName != null">proName=#{proName},</if>
            <if test="proDesc != null">proDesc=#{proDesc},</if>
            <if test="proContact != null">proContact=#{proContact},</if>
            <if test="proPhone != null">proPhone=#{proPhone},</if>
            <if test="proAddress != null">proAddress=#{proAddress},</if>
            <if test="proFax != null">proFax=#{proFax},</if>
            <if test="modifyDate != null">modifyDate=#{modifyDate},</if>
            <if test="modifyBy != null">modifyBy=#{modifyBy}</if>
        </set>
        where id = #{id}
    </update>

    <!--删除供应商数据-->
    <delete id="deleteProviderByProCode" parameterType="String">
		delete from provider where proCode=#{proCode}
	</delete>

    <!--查询所有的供应商数据-->
    <select id="selectFindAllProvider" resultType="Provider">
        select  * from provider
    </select>
</mapper>