<?xml version="1.0" encoding="UTF-8"?>
<!DOCTYPE mapper PUBLIC "-//mybatis.org//DTD mapper 3.0//EN"
        "http://mybatis.org/dtd/mybatis-3-mapper.dtd">

<mapper namespace="com.steveDash.dao.UserMapper">

    <!--根据账户名userCode查询user表，返回一个User类型对象记录-->
    <select id="getUserByUserCode" parameterType="String" resultType="User">
        select * from user where userCode=#{userCode}
    </select>

    <!--插入一条数据进入User表-->
    <insert id="addUser" parameterType="User" keyProperty="id" >
        insert into user(userCode,userName,userPassword
        <if test="gender!=null and gender!=0" >
            ,gender
        </if>
        <if test="birthday!=null">
            ,birthday
        </if>
        <if test="phone!=null and phone!=''">
            ,phone
        </if>
        <if test="address!=null and address!=''">
            ,address
        </if>
        <if test="userRole!=null and userRole!=0">
            ,userRole
        </if>
        <if test="createdBy!=null and createdBy!=0">
            ,createdBy
        </if>
        <if test="creationDate!=null">
            ,creationDate
        </if>
        )
        values (#{userCode},#{userName},#{userPassword}
        <if test="gender!=null and gender!=0" >
            ,#{gender}
        </if>
        <if test="birthday!=null">
            ,#{birthday}
        </if>
        <if test="phone!=null and phone!=''">
            ,#{phone}
        </if>
        <if test="address!=null and address!=''">
            ,#{address}
        </if>
        <if test="userRole!=null and userRole!=0">
            ,#{userRole}
        </if>
        <if test="createdBy!=null and createdBy!=0">
            ,#{createdBy}
        </if>
        <if test="creationDate!=null">
            ,#{creationDate}
        </if>
        )
    </insert>

    <!-- 查询用户计录数-->
    <select id="getUserCount" resultType="int" >
        select count(1) as count from user u join role r on u.userRole = r.id
        <where>
            <if test="userName != null and userName != ''">
                u.userName like CONCAT ('%',#{userName},'%')
            </if>
            <if test="userRole != null and userRole!=0">
                and u.userRole = #{userRole}
            </if>
        </where>
    </select>


    <!-- 创建一个对用户表分页的查询 -->
    <select id="getUserListByPage" resultMap="UserWithRoleName">
        select u.*,r.* from user u join role r on u.userRole = r.id
        <where>
            <if test="userName != null and userName != ''">
                and u.userName like CONCAT ('%',#{userName},'%')
            </if>
            <if test="userRole != null  and userRole!=0">
                and u.userRole = #{userRole}
            </if>
        </where>
        order by u.id  limit #{currentPageNo},#{pageSize}
    </select>
    <resultMap id="UserWithRoleName" type="User">
        <id property="id" column="id" />
        <association property="role" javaType="Role">
            <id property="id" column="id" />
        </association>
    </resultMap>

    <!-- 根据ID获取用户数据 -->
    <select id="getUserById" resultMap="UserWithRoleName" parameterType="String">
		select  u.*,r.*
		from user u,role r where u.id=#{id} and u.userRole = r.id
	</select>

    <!-- 修改数据 -->
    <update id="modify" parameterType="User">
        update user
        <set>
            <if test="userCode != null">userCode=#{userCode},</if>
            <if test="userName != null">userName=#{userName},</if>
            <if test="userPassword != null">userPassword=#{userPassword},</if>
            <if test="gender != null">gender=#{gender},</if>
            <if test="birthday != null">birthday=#{birthday},</if>
            <if test="phone != null">phone=#{phone},</if>
            <if test="address != null">address=#{address},</if>
            <if test="userRole != null">userRole=#{userRole},</if>
            <if test="modifyBy != null">modifyBy=#{modifyBy},</if>
            <if test="modifyDate != null">modifyDate=#{modifyDate}</if>
        </set>
        where id = #{id}
    </update>

    <!--删除用户数据-->
    <delete id="deleteUserById" parameterType="int">
		delete from user where id=#{id}
	</delete>
</mapper>